Admission_ID,Appointment_ID,DoctorID,TestRequirement,ConsultationFee,AdmissionType
100001,10001,101,No,500,Outpatient
100002,10002,103,Yes,750,Inpatient
100003,10003,104,Yes,600,Outpatient
100004,10004,105,No,400,Outpatient
100005,10005,106,No,550,Outpatient
100006,10006,107,Yes,800,Inpatient
100007,10007,108,Yes,700,Inpatient
100008,10008,109,No,450,Outpatient
100009,10009,111,No,600,Outpatient
100010,10010,113,Yes,850,Inpatient
100011,10011,115,No,500,Outpatient
100012,10012,116,Yes,900,Inpatient
100013,10013,118,No,550,Outpatient
100014,10014,120,Yes,750,Inpatient
100015,10015,121,Yes,700,Inpatient
100016,10016,122,No,450,Outpatient
100017,10017,124,No,600,Outpatient
100018,10018,126,Yes,400,Inpatient
100019,10019,127,Yes,200,Inpatient
100020,10020,129,No,300,Inpatient
,,,,,
,,,,,
,,,,,
,,,,,
,,,,,
,,,,,
,,,,,
,,,,,
,,,,,
,,,,,
,,,,,
,,,,,
,,,,,
,,,,,
,,,,,
,,,,,
"|�Admission_ID	Appointment_ID	DoctorID	TestRequirement	ConsultationFee	AdmissionType",,,,,
"100001	10001	101	No	500	Outpatient",,,,,
"100002	10002	103	Yes	750	Inpatient",,,,,
"100003	10003	104	Yes	600	Outpatient",,,,,
"100004	10004	105	No	400	Outpatient",,,,,
"100005	10005	106	No	550	Outpatient",,,,,
"100006	10006	107	Yes	800	Inpatient",,,,,
"100007	10007	108	Yes	700	Inpatient",,,,,
"100008	10008	109	No	450	Outpatient",,,,,
"100009	10009	111	No	600	Outpatient",,,,,
"100010	10010	113	Yes	850	Inpatient",,,,,
"100011	10011	115	No	500	Outpatient",,,,,
"100012	10012	116	Yes	900	Inpatient",,,,,
"100013	10013	118	No	550	Outpatient",,,,,
"100014	10014	120	Yes	750	Inpatient",,,,,
"100015	10015	121	Yes	700	Inpatient",,,,,
"100016	10016	122	No	450	Outpatient",,,,,
"100017	10017	124	No	600	Outpatient",,,,,
"100018	10018	126	Yes	400	Inpatient",,,,,
"100019	10019	127	Yes	200	Inpatient",,,,,
"100020	10020	129	No	300	Inpatient",,,,,